<?xml version="1.0" encoding="utf-8" ?>
<mdscript name="Thanksgiving" 
    xmlns:xsi="http://www.w3.org/2001/XMLSchema-instance" xsi:noNamespaceSchemaLocation="D:/x4_extract_2.5/libraries/md.xsd">
    <cues>
        <cue name="StartConversation" instantiate="true">
            <conditions>
                <check_any>
                    <event_conversation_started conversation="default" />
                    <event_conversation_returned_to_section section="default" />
                </check_any>
            </conditions>
            <actions>
                <do_if value="event.object.type == entitytype.factionrepresentative">
                    <set_value name="$gift" exact="ware.inv_thanksgiving"/>
                    <add_player_choice_sub text="'Give Gift'" tooltip="'Give Thanksgiving Dinner'" selectable="player.entity.inventory.{$gift}.exists" section="Open_From_Convo" choiceparam="event.object" />
                </do_if> 
            </actions>
        </cue>

        <cue name="Open_From_Convo" instantiate="true">
            <conditions>
                <event_conversation_next_section section="Open_From_Convo" />
            </conditions>
            <actions>
                <set_value name="$oldrelation" exact="event.param2.owner.relationto.{faction.player}" />
                <set_faction_relation faction="event.param2.owner" otherfaction="faction.player" value="$oldrelation + 0.001" />
                <remove_inventory ware="ware.inv_thanksgiving" />
            </actions>
        </cue>
    </cues>
</mdscript>