<?xml version="1.0" encoding="utf-8"?>
<content id="Thanksgiving" name="Thanksgiving"  description="Thanksgiving mod, make a feast!" author="Werit" version=".1" date="2019-11-19" save="0" >
 <text language="7" name="Thanksgiving" description="Thanksgiving" author="Werit" />
 <text language="33" name="Thanksgiving" description="Thanksgiving" author="Werit" />
 <text language="34" name="Thanksgiving" description="Thanksgiving" author="Werit" />
 <text language="39" name="Thanksgiving" description="Thanksgiving" author="Werit" />
 <text language="44" name="Thanksgiving" description="Thanksgiving" author="Werit" />
 <text language="49" name="Thanksgiving" description="Thanksgiving" author="Werit" />
 <text language="55" name="Thanksgiving" description="Thanksgiving" author="Werit" />
 <text language="81" name="Thanksgiving" description="Thanksgiving" author="Werit" />
 <text language="82" name="Thanksgiving" description="Thanksgiving" author="Werit" />
 <text language="86" name="Thanksgiving" description="Thanksgiving" author="Werit" />
 <text language="88" name="Thanksgiving" description="Thanksgiving" author="Werit" />
</content>
